transaction_id,account_id,amount,timestamp,location,device,account_age,previous_fraud_count,fraud_flag
1,4174,5520.36,2024-01-01 00:00:00,Mumbai,ATM,94,1,1
2,4507,1656.69,2024-01-01 00:01:00,Paris,ATM,321,3,0
3,1860,4118.44,2024-01-01 00:02:00,Mumbai,Mobile,39,4,0
4,2294,7778.25,2024-01-01 00:03:00,Berlin,ATM,81,3,0
5,2130,4808.9,2024-01-01 00:04:00,London,Mobile,187,2,0
6,2095,9853.01,2024-01-01 00:05:00,Berlin,POS,84,4,0
7,4772,3773.62,2024-01-01 00:06:00,Paris,ATM,88,0,0
8,4092,7498.29,2024-01-01 00:07:00,Paris,Web,242,3,1
9,2638,3935.96,2024-01-01 00:08:00,Berlin,ATM,342,2,0
10,3169,8293.35,2024-01-01 00:09:00,Mumbai,ATM,93,4,0
11,1466,5695.12,2024-01-01 00:10:00,Mumbai,Mobile,86,3,0
12,2238,644.48,2024-01-01 00:11:00,Paris,ATM,44,1,0
13,1330,377.85,2024-01-01 00:12:00,New York,Web,137,3,0
14,2482,1347.18,2024-01-01 00:13:00,Mumbai,Mobile,74,0,0
15,3135,146.58,2024-01-01 00:14:00,Berlin,Mobile,36,3,0
16,4444,762.84,2024-01-01 00:15:00,Mumbai,POS,101,4,0
17,4171,6920.23,2024-01-01 00:16:00,Berlin,POS,156,4,1
18,3919,5348.12,2024-01-01 00:17:00,Paris,ATM,255,3,0
19,4735,7501.61,2024-01-01 00:18:00,Mumbai,POS,171,4,0
20,1130,9132.53,2024-01-01 00:19:00,Berlin,POS,216,1,0
21,2685,5855.64,2024-01-01 00:20:00,Paris,POS,170,3,0
22,4380,7263.95,2024-01-01 00:21:00,New York,Mobile,252,1,0
23,1769,7573.24,2024-01-01 00:22:00,Berlin,Mobile,360,1,0
24,3391,3784.73,2024-01-01 00:23:00,New York,Mobile,322,2,0
25,2515,2418.44,2024-01-01 00:24:00,New York,POS,55,3,0
26,4485,2058.4,2024-01-01 00:25:00,London,Mobile,91,4,0
27,3853,2521.91,2024-01-01 00:26:00,Mumbai,POS,278,1,0
28,3433,2754.57,2024-01-01 00:27:00,Berlin,Mobile,101,2,0
29,2215,2080.2,2024-01-01 00:28:00,New York,Mobile,155,3,0
30,1955,8783.42,2024-01-01 00:29:00,London,Web,349,3,0
31,3324,7572.42,2024-01-01 00:30:00,Paris,ATM,364,0,0
32,2184,478.5,2024-01-01 00:31:00,Berlin,POS,141,0,0
33,1459,2694.04,2024-01-01 00:32:00,New York,Web,173,1,0
34,4385,231.63,2024-01-01 00:33:00,Mumbai,Mobile,10,0,0
35,1021,4986.67,2024-01-01 00:34:00,London,POS,228,1,0
36,3300,4767.34,2024-01-01 00:35:00,New York,Mobile,265,4,0
37,1747,8315.4,2024-01-01 00:36:00,Mumbai,ATM,248,1,0
38,3904,3084.69,2024-01-01 00:37:00,New York,Web,247,0,0
39,4632,8165.69,2024-01-01 00:38:00,Berlin,ATM,155,4,1
40,1474,9680.06,2024-01-01 00:39:00,Berlin,Web,34,0,0
41,2082,893.2,2024-01-01 00:40:00,Berlin,Mobile,129,1,0
42,3558,7920.26,2024-01-01 00:41:00,London,ATM,160,2,0
43,4753,5903.66,2024-01-01 00:42:00,Berlin,ATM,89,3,0
44,3047,4805.66,2024-01-01 00:43:00,Mumbai,Mobile,93,0,0
45,4547,4211.15,2024-01-01 00:44:00,New York,ATM,327,1,0
46,3747,7848.84,2024-01-01 00:45:00,Paris,POS,241,4,0
47,1975,6397.22,2024-01-01 00:46:00,Mumbai,Web,323,0,0
48,2806,8052.4,2024-01-01 00:47:00,Mumbai,Web,117,0,0
49,1189,9032.48,2024-01-01 00:48:00,Berlin,Web,94,3,1
50,4005,6176.46,2024-01-01 00:49:00,London,POS,163,1,1
51,3734,9804.82,2024-01-01 00:50:00,New York,Web,99,2,0
52,4005,6084.8,2024-01-01 00:51:00,London,Mobile,113,4,0
53,1562,6370.08,2024-01-01 00:52:00,New York,ATM,359,1,0
54,2899,5552.61,2024-01-01 00:53:00,New York,POS,91,4,0
55,4638,919.11,2024-01-01 00:54:00,London,Web,346,0,0
56,2267,7266.71,2024-01-01 00:55:00,Mumbai,Mobile,206,3,0
57,3879,5478.99,2024-01-01 00:56:00,New York,ATM,17,3,0
58,2528,4514.6,2024-01-01 00:57:00,London,ATM,274,2,0
59,4202,9105.61,2024-01-01 00:58:00,New York,POS,173,3,1
60,4556,2986.61,2024-01-01 00:59:00,Paris,POS,116,0,0
61,4890,5240.79,2024-01-01 01:00:00,Mumbai,POS,349,2,1
62,1646,6979.44,2024-01-01 01:01:00,Berlin,Mobile,181,1,0
63,3068,7966.75,2024-01-01 01:02:00,New York,Mobile,91,3,0
64,3888,4598.87,2024-01-01 01:03:00,Paris,POS,82,2,0
65,3214,8422.49,2024-01-01 01:04:00,Berlin,Web,324,0,0
66,2297,7691.49,2024-01-01 01:05:00,Berlin,ATM,114,4,0
67,3435,671.7,2024-01-01 01:06:00,New York,ATM,257,4,0
68,1600,468.15,2024-01-01 01:07:00,London,Mobile,58,0,0
69,3363,6211.85,2024-01-01 01:08:00,New York,ATM,154,0,0
70,3061,3480.66,2024-01-01 01:09:00,Paris,Web,116,4,0
71,1241,2099.22,2024-01-01 01:10:00,Berlin,ATM,343,2,0
72,3041,5800.7,2024-01-01 01:11:00,New York,Mobile,266,4,0
73,3824,3422.22,2024-01-01 01:12:00,London,Mobile,315,0,0
74,4417,5377.26,2024-01-01 01:13:00,New York,Web,203,3,0
75,3612,4606.59,2024-01-01 01:14:00,Mumbai,Web,41,1,0
76,3945,5851.81,2024-01-01 01:15:00,London,ATM,105,3,1
77,2363,4009.0,2024-01-01 01:16:00,Paris,ATM,193,3,0
78,3139,6979.7,2024-01-01 01:17:00,Berlin,Mobile,278,0,1
79,2390,1808.87,2024-01-01 01:18:00,New York,Web,354,4,0
80,4003,6968.05,2024-01-01 01:19:00,London,Web,237,2,0
81,2478,4122.5,2024-01-01 01:20:00,Mumbai,Web,221,3,0
82,4499,8744.43,2024-01-01 01:21:00,London,ATM,68,4,0
83,3556,5157.21,2024-01-01 01:22:00,Mumbai,Web,197,2,0
84,1775,9731.37,2024-01-01 01:23:00,Paris,Mobile,256,3,1
85,1034,6023.33,2024-01-01 01:24:00,Berlin,Mobile,139,2,0
86,3253,2246.25,2024-01-01 01:25:00,Paris,ATM,312,4,0
87,4152,8219.69,2024-01-01 01:26:00,New York,POS,149,1,0
88,2955,3457.38,2024-01-01 01:27:00,London,ATM,99,4,0
89,2585,3482.72,2024-01-01 01:28:00,Mumbai,POS,76,0,0
90,4943,327.73,2024-01-01 01:29:00,Mumbai,Web,282,2,0
91,4459,5491.67,2024-01-01 01:30:00,London,ATM,109,1,0
92,4073,5348.89,2024-01-01 01:31:00,London,Mobile,188,2,1
93,2021,3566.35,2024-01-01 01:32:00,New York,Web,199,2,0
94,4461,8943.23,2024-01-01 01:33:00,Paris,Mobile,303,3,0
95,3613,1296.2,2024-01-01 01:34:00,Mumbai,Web,327,0,0
96,2129,3307.69,2024-01-01 01:35:00,New York,ATM,154,2,0
97,4843,3222.61,2024-01-01 01:36:00,Paris,POS,40,4,0
98,4893,931.98,2024-01-01 01:37:00,New York,Web,133,4,0
99,2500,4816.64,2024-01-01 01:38:00,Mumbai,POS,132,3,0
100,1702,6880.97,2024-01-01 01:39:00,London,Web,279,0,1
101,3449,5121.45,2024-01-01 01:40:00,London,Mobile,362,0,0
102,3777,1578.21,2024-01-01 01:41:00,Paris,Mobile,84,4,0
103,2579,3779.09,2024-01-01 01:42:00,Berlin,Web,242,1,0
104,1161,35.92,2024-01-01 01:43:00,Paris,POS,116,3,0
105,1201,8684.33,2024-01-01 01:44:00,Berlin,ATM,109,3,0
106,2981,854.32,2024-01-01 01:45:00,New York,ATM,221,4,0
107,1995,5976.81,2024-01-01 01:46:00,New York,Mobile,41,4,1
108,3317,9862.71,2024-01-01 01:47:00,Mumbai,ATM,147,1,1
109,4934,5370.54,2024-01-01 01:48:00,Berlin,Mobile,112,1,1
110,1815,9241.18,2024-01-01 01:49:00,Mumbai,ATM,103,0,0
111,4342,2368.8,2024-01-01 01:50:00,London,Web,46,3,0
112,1455,7601.95,2024-01-01 01:51:00,Berlin,Mobile,324,3,0
113,4533,5317.34,2024-01-01 01:52:00,Paris,Mobile,271,4,0
114,4798,7207.96,2024-01-01 01:53:00,London,Web,195,0,0
115,2275,632.79,2024-01-01 01:54:00,London,Mobile,280,3,0
116,2016,1485.91,2024-01-01 01:55:00,Paris,ATM,283,0,0
117,4773,1339.84,2024-01-01 01:56:00,London,ATM,40,0,0
118,3343,6874.78,2024-01-01 01:57:00,Berlin,Mobile,189,4,0
119,4796,8445.96,2024-01-01 01:58:00,Mumbai,ATM,164,0,0
120,3767,7498.67,2024-01-01 01:59:00,London,POS,24,1,0
121,4820,314.42,2024-01-01 02:00:00,Berlin,Mobile,24,1,0
122,1337,8673.48,2024-01-01 02:01:00,New York,Web,4,2,0
123,1878,3547.93,2024-01-01 02:02:00,Berlin,POS,323,4,0
124,2076,3977.67,2024-01-01 02:03:00,Mumbai,Mobile,290,2,0
125,1791,1057.64,2024-01-01 02:04:00,Berlin,Web,181,1,0
126,4993,7376.68,2024-01-01 02:05:00,Paris,ATM,248,2,1
127,3264,1831.02,2024-01-01 02:06:00,Mumbai,Web,116,4,0
128,1763,5644.01,2024-01-01 02:07:00,New York,POS,279,4,0
129,3235,8408.69,2024-01-01 02:08:00,Paris,ATM,69,0,0
130,1379,901.15,2024-01-01 02:09:00,Berlin,Mobile,351,3,0
131,1492,5358.0,2024-01-01 02:10:00,Mumbai,ATM,254,0,0
132,4112,2339.83,2024-01-01 02:11:00,New York,Mobile,181,4,0
133,2180,3435.84,2024-01-01 02:12:00,Paris,Mobile,318,1,0
134,3062,4744.96,2024-01-01 02:13:00,New York,Web,169,1,0
135,4884,3557.49,2024-01-01 02:14:00,Berlin,Web,313,0,0
136,1064,6491.74,2024-01-01 02:15:00,New York,Web,249,4,0
137,4928,4801.03,2024-01-01 02:16:00,London,POS,188,1,0
138,4910,5846.15,2024-01-01 02:17:00,Paris,POS,54,4,0
139,3568,7370.86,2024-01-01 02:18:00,New York,Web,326,1,0
140,2367,5581.85,2024-01-01 02:19:00,Berlin,POS,357,4,1
141,2152,5869.49,2024-01-01 02:20:00,Berlin,ATM,313,2,0
142,3027,5648.94,2024-01-01 02:21:00,New York,ATM,138,4,0
143,3695,3793.94,2024-01-01 02:22:00,Berlin,POS,168,4,0
144,2495,3381.09,2024-01-01 02:23:00,Mumbai,POS,103,0,0
145,4134,8997.48,2024-01-01 02:24:00,Mumbai,ATM,85,2,0
146,2162,6079.48,2024-01-01 02:25:00,Mumbai,Mobile,317,3,0
147,2522,2451.09,2024-01-01 02:26:00,London,ATM,212,0,0
148,3640,4987.49,2024-01-01 02:27:00,New York,ATM,3,3,0
149,1391,3310.18,2024-01-01 02:28:00,London,POS,179,1,0
150,2698,9337.58,2024-01-01 02:29:00,Berlin,ATM,342,3,0
151,1418,85.27,2024-01-01 02:30:00,London,POS,303,4,0
152,3336,2261.07,2024-01-01 02:31:00,Berlin,POS,332,3,0
153,1378,3659.91,2024-01-01 02:32:00,Berlin,Web,38,0,0
154,2796,4883.22,2024-01-01 02:33:00,Paris,ATM,239,0,0
155,4561,8509.67,2024-01-01 02:34:00,Mumbai,Mobile,169,3,0
156,3278,888.0,2024-01-01 02:35:00,Berlin,Web,343,0,0
157,4065,8060.59,2024-01-01 02:36:00,Paris,POS,314,0,0
158,3088,565.98,2024-01-01 02:37:00,Mumbai,POS,306,3,0
159,4099,8424.72,2024-01-01 02:38:00,Berlin,Mobile,30,2,0
160,3182,525.84,2024-01-01 02:39:00,Berlin,POS,190,2,0
161,1200,192.24,2024-01-01 02:40:00,London,ATM,357,1,0
162,2863,6972.65,2024-01-01 02:41:00,London,Web,25,0,0
163,1779,9972.58,2024-01-01 02:42:00,Mumbai,POS,112,3,0
164,3977,8967.14,2024-01-01 02:43:00,Berlin,POS,206,0,1
165,4104,5764.22,2024-01-01 02:44:00,New York,Mobile,185,4,0
166,4119,9174.78,2024-01-01 02:45:00,London,ATM,47,0,0
167,1502,62.95,2024-01-01 02:46:00,Mumbai,POS,228,0,0
168,3454,9750.92,2024-01-01 02:47:00,Berlin,Mobile,39,2,0
169,4645,4912.58,2024-01-01 02:48:00,Berlin,POS,16,3,0
170,2751,7231.73,2024-01-01 02:49:00,New York,Mobile,22,0,0
171,1804,8210.41,2024-01-01 02:50:00,Mumbai,Mobile,213,2,0
172,3146,7187.39,2024-01-01 02:51:00,Berlin,ATM,310,1,1
173,3731,5355.02,2024-01-01 02:52:00,London,POS,149,2,0
174,2895,4771.43,2024-01-01 02:53:00,New York,ATM,241,2,0
175,3773,8387.44,2024-01-01 02:54:00,Mumbai,Mobile,272,2,1
176,2570,2058.72,2024-01-01 02:55:00,New York,Web,59,0,0
177,1960,9680.26,2024-01-01 02:56:00,London,POS,287,0,1
178,4810,7112.42,2024-01-01 02:57:00,Mumbai,Web,202,1,0
179,3660,2003.07,2024-01-01 02:58:00,New York,POS,32,4,0
180,2485,7365.11,2024-01-01 02:59:00,Paris,ATM,162,4,0
181,3690,5303.1,2024-01-01 03:00:00,London,ATM,255,4,1
182,4840,7075.23,2024-01-01 03:01:00,London,ATM,254,1,1
183,2028,7680.12,2024-01-01 03:02:00,London,ATM,9,4,0
184,4289,882.03,2024-01-01 03:03:00,Paris,ATM,139,4,0
185,1502,5065.98,2024-01-01 03:04:00,Paris,Web,10,2,0
186,3814,9320.82,2024-01-01 03:05:00,Berlin,ATM,214,0,0
187,1397,3213.22,2024-01-01 03:06:00,New York,Mobile,273,0,0
188,1870,5942.89,2024-01-01 03:07:00,Berlin,Mobile,324,2,0
189,3842,3698.61,2024-01-01 03:08:00,New York,Web,48,2,0
190,1392,4548.14,2024-01-01 03:09:00,Paris,POS,111,2,0
191,1206,5490.55,2024-01-01 03:10:00,Paris,Mobile,153,0,0
192,2038,5493.73,2024-01-01 03:11:00,Berlin,POS,123,4,0
193,2881,2025.29,2024-01-01 03:12:00,Mumbai,Web,357,2,0
194,4625,6848.87,2024-01-01 03:13:00,Berlin,POS,102,1,0
195,3939,887.8,2024-01-01 03:14:00,New York,POS,241,2,0
196,2484,1396.86,2024-01-01 03:15:00,Berlin,POS,321,3,0
197,4762,37.08,2024-01-01 03:16:00,London,POS,191,2,0
198,4646,1175.79,2024-01-01 03:17:00,New York,Web,217,0,0
199,1863,4736.93,2024-01-01 03:18:00,New York,Mobile,51,2,0
200,3790,6064.96,2024-01-01 03:19:00,Mumbai,ATM,292,3,1
201,4312,7944.95,2024-01-01 03:20:00,Paris,POS,81,1,0
202,1563,1075.93,2024-01-01 03:21:00,New York,Mobile,88,4,0
203,2020,8508.77,2024-01-01 03:22:00,Paris,Mobile,194,2,0
204,1095,7462.29,2024-01-01 03:23:00,Berlin,Web,104,3,1
205,2923,4091.1,2024-01-01 03:24:00,London,Mobile,271,3,0
206,2757,9330.05,2024-01-01 03:25:00,Mumbai,Web,96,1,0
207,3532,9909.39,2024-01-01 03:26:00,Paris,POS,198,0,0
208,4478,2057.97,2024-01-01 03:27:00,New York,POS,1,2,0
209,3278,3798.49,2024-01-01 03:28:00,Paris,ATM,167,3,0
210,3796,9265.23,2024-01-01 03:29:00,New York,ATM,126,1,0
211,2678,7218.75,2024-01-01 03:30:00,Paris,ATM,313,4,0
212,4242,490.47,2024-01-01 03:31:00,New York,Mobile,81,3,0
213,1540,7817.33,2024-01-01 03:32:00,Berlin,POS,251,1,1
214,2059,8281.13,2024-01-01 03:33:00,New York,Web,169,0,1
215,3572,7507.51,2024-01-01 03:34:00,New York,ATM,73,0,1
216,2183,7997.38,2024-01-01 03:35:00,London,Web,141,3,0
217,4910,8253.08,2024-01-01 03:36:00,New York,Web,70,3,1
218,2722,1872.19,2024-01-01 03:37:00,London,ATM,262,2,0
219,4314,2364.56,2024-01-01 03:38:00,Mumbai,POS,340,1,0
220,4157,6341.25,2024-01-01 03:39:00,London,ATM,308,3,1
221,2819,9079.58,2024-01-01 03:40:00,Berlin,Web,245,2,0
222,3625,3168.8,2024-01-01 03:41:00,London,ATM,3,2,0
223,3729,5887.18,2024-01-01 03:42:00,Mumbai,Web,337,3,0
224,3604,6832.99,2024-01-01 03:43:00,Berlin,Web,63,0,1
225,2597,4524.97,2024-01-01 03:44:00,Paris,ATM,49,1,0
226,4060,7140.69,2024-01-01 03:45:00,Paris,Mobile,76,1,0
227,3693,8997.68,2024-01-01 03:46:00,London,ATM,175,0,0
228,1795,6244.77,2024-01-01 03:47:00,London,Mobile,109,3,1
229,2051,5402.41,2024-01-01 03:48:00,Mumbai,Web,183,1,1
230,2643,4393.06,2024-01-01 03:49:00,Mumbai,Web,192,3,0
231,4627,5779.09,2024-01-01 03:50:00,New York,Mobile,65,3,0
232,2363,3560.07,2024-01-01 03:51:00,Mumbai,Web,337,2,0
233,4869,3920.91,2024-01-01 03:52:00,New York,Mobile,271,0,0
234,2981,5323.26,2024-01-01 03:53:00,Berlin,Mobile,100,3,0
235,2354,675.52,2024-01-01 03:54:00,London,Web,32,4,0
236,2663,2297.96,2024-01-01 03:55:00,Berlin,POS,352,0,0
237,2529,5433.06,2024-01-01 03:56:00,Mumbai,Mobile,128,1,1
238,3038,4320.97,2024-01-01 03:57:00,Berlin,ATM,339,2,0
239,4419,3334.83,2024-01-01 03:58:00,Berlin,ATM,43,1,0
240,2496,7308.19,2024-01-01 03:59:00,Berlin,Web,78,1,1
241,4302,6940.24,2024-01-01 04:00:00,Mumbai,POS,314,0,0
242,3237,1675.64,2024-01-01 04:01:00,Berlin,Web,289,1,0
243,4296,8787.5,2024-01-01 04:02:00,New York,POS,270,3,0
244,2408,4959.28,2024-01-01 04:03:00,Mumbai,Mobile,162,1,0
245,2400,7417.19,2024-01-01 04:04:00,Berlin,Mobile,189,2,0
246,2306,5735.78,2024-01-01 04:05:00,Mumbai,Mobile,247,2,0
247,3680,9976.95,2024-01-01 04:06:00,Paris,Mobile,216,4,0
248,3675,7526.51,2024-01-01 04:07:00,New York,ATM,315,2,0
249,1972,7072.73,2024-01-01 04:08:00,Berlin,ATM,339,1,0
250,2768,7787.93,2024-01-01 04:09:00,Paris,Web,168,2,0
251,2282,1439.85,2024-01-01 04:10:00,Paris,POS,339,0,0
252,4430,2053.4,2024-01-01 04:11:00,Mumbai,Mobile,193,2,0
253,1709,7143.5,2024-01-01 04:12:00,Paris,Mobile,283,3,0
254,2479,4944.88,2024-01-01 04:13:00,New York,POS,336,0,0
255,2434,7548.81,2024-01-01 04:14:00,New York,POS,13,4,0
256,1648,1038.13,2024-01-01 04:15:00,London,Web,240,3,0
257,1317,5369.45,2024-01-01 04:16:00,New York,POS,320,1,1
258,4748,3794.43,2024-01-01 04:17:00,Paris,Mobile,147,1,0
259,4296,4575.43,2024-01-01 04:18:00,New York,Mobile,204,1,0
260,4890,6043.54,2024-01-01 04:19:00,Mumbai,Mobile,80,3,1
261,2257,5027.86,2024-01-01 04:20:00,London,Mobile,43,3,1
262,1683,5403.21,2024-01-01 04:21:00,Paris,Mobile,89,3,0
263,1663,4868.71,2024-01-01 04:22:00,London,Web,148,0,0
264,2998,4095.46,2024-01-01 04:23:00,Paris,Mobile,95,0,0
265,4898,7721.1,2024-01-01 04:24:00,Mumbai,Web,151,1,0
266,4445,131.91,2024-01-01 04:25:00,London,Mobile,2,2,0
267,4743,5988.44,2024-01-01 04:26:00,Berlin,ATM,22,1,0
268,2631,5659.43,2024-01-01 04:27:00,Paris,ATM,313,4,0
269,2495,7164.63,2024-01-01 04:28:00,Berlin,ATM,328,0,0
270,4304,5994.3,2024-01-01 04:29:00,London,ATM,7,3,0
271,4763,8269.72,2024-01-01 04:30:00,Berlin,Web,206,0,1
272,2136,9591.16,2024-01-01 04:31:00,Berlin,Web,114,3,1
273,2853,3431.82,2024-01-01 04:32:00,London,POS,272,4,0
274,2520,2281.24,2024-01-01 04:33:00,Mumbai,Mobile,83,4,0
275,3489,4241.73,2024-01-01 04:34:00,Berlin,ATM,179,0,0
276,1563,2886.42,2024-01-01 04:35:00,Berlin,Web,210,3,0
277,2291,6153.35,2024-01-01 04:36:00,Mumbai,Mobile,328,4,0
278,4581,9119.41,2024-01-01 04:37:00,Berlin,Mobile,124,1,0
279,4878,1399.77,2024-01-01 04:38:00,Berlin,Web,113,1,0
280,4457,1016.94,2024-01-01 04:39:00,Berlin,ATM,12,3,0
281,4458,2567.6,2024-01-01 04:40:00,New York,POS,126,0,0
282,4184,7263.69,2024-01-01 04:41:00,Mumbai,Mobile,53,4,0
283,2636,5933.7,2024-01-01 04:42:00,Berlin,POS,331,0,0
284,4696,1031.1,2024-01-01 04:43:00,Mumbai,ATM,283,1,0
285,3999,9188.32,2024-01-01 04:44:00,Paris,ATM,140,4,0
286,4152,7902.95,2024-01-01 04:45:00,Paris,POS,97,0,0
287,1698,240.0,2024-01-01 04:46:00,Berlin,ATM,5,2,0
288,3160,6517.16,2024-01-01 04:47:00,Mumbai,Mobile,57,3,1
289,1001,7714.75,2024-01-01 04:48:00,Mumbai,POS,334,3,0
290,1641,3750.61,2024-01-01 04:49:00,Mumbai,ATM,69,2,0
291,3267,698.53,2024-01-01 04:50:00,New York,POS,118,1,0
292,2589,782.44,2024-01-01 04:51:00,Paris,Mobile,59,4,0
293,1854,1051.43,2024-01-01 04:52:00,Mumbai,ATM,33,3,0
294,2759,8405.99,2024-01-01 04:53:00,Mumbai,Mobile,318,2,1
295,4296,9107.76,2024-01-01 04:54:00,New York,ATM,50,2,1
296,3432,1236.88,2024-01-01 04:55:00,New York,Web,19,1,0
297,4474,2366.7,2024-01-01 04:56:00,Mumbai,ATM,214,1,0
298,2661,1663.55,2024-01-01 04:57:00,London,POS,197,0,0
299,2153,1871.35,2024-01-01 04:58:00,Mumbai,ATM,47,3,0
300,2076,8376.53,2024-01-01 04:59:00,Mumbai,Mobile,167,0,1
301,2707,3328.14,2024-01-01 05:00:00,New York,Mobile,289,2,0
302,3777,3121.33,2024-01-01 05:01:00,New York,ATM,141,4,0
303,2695,2281.68,2024-01-01 05:02:00,Mumbai,POS,84,4,0
304,2733,6082.86,2024-01-01 05:03:00,Mumbai,Web,182,1,0
305,2439,3799.26,2024-01-01 05:04:00,Mumbai,POS,79,4,0
306,3294,7445.05,2024-01-01 05:05:00,New York,Web,215,4,1
307,1835,2063.74,2024-01-01 05:06:00,Mumbai,Mobile,14,4,0
308,4510,7880.02,2024-01-01 05:07:00,Mumbai,POS,215,2,1
309,1202,6041.18,2024-01-01 05:08:00,Berlin,Web,128,4,0
310,4255,1151.53,2024-01-01 05:09:00,London,ATM,310,4,0
311,1122,4150.9,2024-01-01 05:10:00,Paris,Mobile,248,4,0
312,1400,8636.55,2024-01-01 05:11:00,London,ATM,29,0,0
313,1766,9230.37,2024-01-01 05:12:00,Berlin,Mobile,280,2,0
314,1293,4662.34,2024-01-01 05:13:00,Paris,POS,338,1,0
315,3327,4813.56,2024-01-01 05:14:00,Mumbai,POS,319,0,0
316,4908,9185.36,2024-01-01 05:15:00,Berlin,Mobile,202,3,0
317,3931,5874.81,2024-01-01 05:16:00,Mumbai,Mobile,361,2,0
318,4681,338.14,2024-01-01 05:17:00,New York,Mobile,57,2,0
319,1197,9128.37,2024-01-01 05:18:00,Berlin,POS,218,3,1
320,4029,2489.78,2024-01-01 05:19:00,New York,Web,62,3,0
321,2930,5780.54,2024-01-01 05:20:00,Berlin,ATM,157,3,0
322,4582,1663.48,2024-01-01 05:21:00,Berlin,ATM,202,1,0
323,3799,348.45,2024-01-01 05:22:00,New York,POS,17,4,0
324,3191,3121.62,2024-01-01 05:23:00,Paris,ATM,322,2,0
325,1608,7807.15,2024-01-01 05:24:00,London,Mobile,6,4,0
326,4272,2783.1,2024-01-01 05:25:00,Mumbai,Web,58,4,0
327,2147,2208.77,2024-01-01 05:26:00,Berlin,ATM,325,3,0
328,1186,2134.68,2024-01-01 05:27:00,Mumbai,Web,318,1,0
329,4397,5156.59,2024-01-01 05:28:00,New York,Mobile,169,0,0
330,3511,9755.66,2024-01-01 05:29:00,Mumbai,ATM,82,1,1
331,4420,4595.3,2024-01-01 05:30:00,New York,POS,219,4,0
332,2794,5577.48,2024-01-01 05:31:00,Mumbai,Web,177,1,1
333,1659,8607.71,2024-01-01 05:32:00,London,Mobile,204,3,0
334,3811,5355.35,2024-01-01 05:33:00,London,Web,71,0,0
335,4002,1852.78,2024-01-01 05:34:00,London,ATM,266,3,0
336,2955,3002.96,2024-01-01 05:35:00,London,ATM,98,0,0
337,3450,3106.27,2024-01-01 05:36:00,London,POS,345,4,0
338,2369,3979.21,2024-01-01 05:37:00,London,Mobile,291,0,0
339,2986,4273.62,2024-01-01 05:38:00,New York,Mobile,208,0,0
340,2534,7999.82,2024-01-01 05:39:00,Berlin,POS,2,0,0
341,1146,3500.38,2024-01-01 05:40:00,Mumbai,POS,124,1,0
342,4219,4687.64,2024-01-01 05:41:00,London,Mobile,280,1,0
343,3911,6253.51,2024-01-01 05:42:00,New York,Web,74,4,0
344,2734,3783.48,2024-01-01 05:43:00,New York,Web,166,0,0
345,2843,8367.28,2024-01-01 05:44:00,New York,POS,22,2,0
346,1488,5878.66,2024-01-01 05:45:00,Berlin,Web,154,4,0
347,3976,2947.51,2024-01-01 05:46:00,Mumbai,Mobile,295,0,0
348,2959,7143.45,2024-01-01 05:47:00,Berlin,ATM,219,0,0
349,2663,5281.2,2024-01-01 05:48:00,Paris,ATM,157,1,0
350,3598,5349.21,2024-01-01 05:49:00,New York,Web,230,4,1
351,3385,4816.07,2024-01-01 05:50:00,Paris,POS,20,0,0
352,3919,4975.15,2024-01-01 05:51:00,London,POS,41,0,0
353,1640,7655.91,2024-01-01 05:52:00,London,POS,148,4,0
354,2802,1038.78,2024-01-01 05:53:00,Berlin,POS,108,2,0
355,3520,3350.28,2024-01-01 05:54:00,Mumbai,POS,84,4,0
356,2969,764.28,2024-01-01 05:55:00,Paris,Web,322,4,0
357,3198,7534.93,2024-01-01 05:56:00,Mumbai,ATM,309,2,0
358,2438,2730.3,2024-01-01 05:57:00,Berlin,ATM,290,4,0
359,4369,8975.33,2024-01-01 05:58:00,London,Web,323,0,0
360,2634,5270.52,2024-01-01 05:59:00,Mumbai,POS,134,4,0
361,1262,8009.49,2024-01-01 06:00:00,Mumbai,Web,207,2,1
362,2787,9789.53,2024-01-01 06:01:00,London,ATM,283,3,0
363,3191,8399.49,2024-01-01 06:02:00,Paris,Mobile,266,4,1
364,3393,8671.27,2024-01-01 06:03:00,London,Web,73,1,0
365,1623,4085.77,2024-01-01 06:04:00,Mumbai,POS,352,0,0
366,2016,5521.71,2024-01-01 06:05:00,Paris,ATM,48,0,0
367,4643,2546.35,2024-01-01 06:06:00,Paris,ATM,326,1,0
368,1880,1969.17,2024-01-01 06:07:00,London,ATM,233,1,0
369,3049,5060.02,2024-01-01 06:08:00,Mumbai,ATM,100,4,0
370,3944,5954.54,2024-01-01 06:09:00,Berlin,POS,59,1,0
371,2327,3399.32,2024-01-01 06:10:00,Mumbai,Mobile,258,3,0
372,3301,5698.74,2024-01-01 06:11:00,New York,ATM,65,2,1
373,4723,8875.73,2024-01-01 06:12:00,Berlin,Web,83,1,0
374,1452,5571.65,2024-01-01 06:13:00,Paris,Mobile,154,1,1
375,4108,7210.92,2024-01-01 06:14:00,Berlin,ATM,266,3,0
376,2183,8055.1,2024-01-01 06:15:00,Paris,Mobile,309,0,0
377,4062,9887.4,2024-01-01 06:16:00,Paris,Web,79,0,0
378,3056,6035.94,2024-01-01 06:17:00,Berlin,ATM,315,4,0
379,4304,8070.43,2024-01-01 06:18:00,Paris,Web,150,3,0
380,4170,9626.87,2024-01-01 06:19:00,Paris,POS,48,2,0
381,2682,9444.65,2024-01-01 06:20:00,New York,ATM,248,2,1
382,3863,1419.41,2024-01-01 06:21:00,Mumbai,ATM,278,3,0
383,3255,4069.86,2024-01-01 06:22:00,Mumbai,ATM,356,2,0
384,2154,3246.66,2024-01-01 06:23:00,New York,ATM,98,0,0
385,1403,878.38,2024-01-01 06:24:00,Berlin,POS,25,2,0
386,3199,6336.08,2024-01-01 06:25:00,London,ATM,284,2,0
387,3101,7361.69,2024-01-01 06:26:00,London,Mobile,301,3,1
388,4191,8482.8,2024-01-01 06:27:00,London,ATM,68,3,1
389,2696,1236.54,2024-01-01 06:28:00,New York,POS,7,2,0
390,4991,8765.68,2024-01-01 06:29:00,New York,ATM,305,1,0
391,1627,6432.83,2024-01-01 06:30:00,Paris,Mobile,137,3,0
392,1586,7042.42,2024-01-01 06:31:00,London,POS,164,4,0
393,2648,9107.13,2024-01-01 06:32:00,Berlin,POS,83,4,0
394,2443,6251.37,2024-01-01 06:33:00,Berlin,Mobile,138,0,0
395,2445,3365.3,2024-01-01 06:34:00,London,Mobile,73,2,0
396,1103,8252.82,2024-01-01 06:35:00,London,Mobile,237,1,0
397,4923,3636.96,2024-01-01 06:36:00,London,Mobile,46,0,0
398,1253,351.94,2024-01-01 06:37:00,New York,Mobile,106,2,0
399,4298,8308.24,2024-01-01 06:38:00,New York,POS,288,3,0
400,4183,3458.47,2024-01-01 06:39:00,New York,POS,262,4,0
401,3557,7740.61,2024-01-01 06:40:00,Mumbai,ATM,176,1,0
402,2496,3633.95,2024-01-01 06:41:00,Berlin,ATM,166,4,0
403,1098,8612.07,2024-01-01 06:42:00,Berlin,Web,145,3,0
404,3200,2202.91,2024-01-01 06:43:00,Paris,ATM,330,2,0
405,2884,9745.73,2024-01-01 06:44:00,New York,ATM,283,3,0
406,3961,7799.79,2024-01-01 06:45:00,Mumbai,Mobile,54,3,0
407,2919,1151.24,2024-01-01 06:46:00,Mumbai,Mobile,178,4,0
408,1877,5662.11,2024-01-01 06:47:00,Berlin,ATM,244,1,0
409,1337,9853.82,2024-01-01 06:48:00,New York,Web,341,3,1
410,4777,4715.94,2024-01-01 06:49:00,Paris,Mobile,127,4,0
411,3869,1829.25,2024-01-01 06:50:00,New York,ATM,271,1,0
412,4234,4852.94,2024-01-01 06:51:00,London,ATM,132,2,0
413,4791,5129.45,2024-01-01 06:52:00,New York,POS,93,2,0
414,1956,7419.45,2024-01-01 06:53:00,London,Web,73,0,1
415,2704,6991.47,2024-01-01 06:54:00,London,POS,248,4,0
416,1160,4031.47,2024-01-01 06:55:00,Paris,Web,348,1,0
417,2603,2188.05,2024-01-01 06:56:00,Berlin,Mobile,273,3,0
418,3848,6454.09,2024-01-01 06:57:00,New York,Web,43,2,0
419,1397,4222.82,2024-01-01 06:58:00,London,ATM,41,1,0
420,2300,1331.44,2024-01-01 06:59:00,New York,ATM,170,4,0
421,1815,9006.72,2024-01-01 07:00:00,Berlin,Web,212,0,1
422,4987,6915.31,2024-01-01 07:01:00,Berlin,Web,168,2,0
423,2527,6835.01,2024-01-01 07:02:00,Mumbai,Web,39,1,1
424,2919,8227.61,2024-01-01 07:03:00,Berlin,POS,245,1,0
425,2415,5301.32,2024-01-01 07:04:00,Paris,Web,151,1,0
426,2158,8152.39,2024-01-01 07:05:00,London,Mobile,111,4,0
427,2218,4985.93,2024-01-01 07:06:00,Mumbai,POS,47,4,0
428,1400,681.08,2024-01-01 07:07:00,Paris,POS,63,4,0
429,1639,4058.43,2024-01-01 07:08:00,New York,Web,225,3,0
430,4104,4979.67,2024-01-01 07:09:00,London,Mobile,69,1,0
431,3735,7204.82,2024-01-01 07:10:00,Berlin,POS,299,2,0
432,1459,1074.72,2024-01-01 07:11:00,London,ATM,290,4,0
433,1954,1408.79,2024-01-01 07:12:00,New York,POS,296,4,0
434,4954,2644.2,2024-01-01 07:13:00,Mumbai,Web,203,1,0
435,1469,2672.32,2024-01-01 07:14:00,Mumbai,Mobile,61,4,0
436,4446,7324.52,2024-01-01 07:15:00,Mumbai,Web,318,3,0
437,2045,2514.8,2024-01-01 07:16:00,Berlin,ATM,314,3,0
438,3797,6334.65,2024-01-01 07:17:00,Paris,ATM,161,4,0
439,2693,4947.8,2024-01-01 07:18:00,Paris,ATM,331,1,0
440,3085,5737.21,2024-01-01 07:19:00,London,Web,16,1,0
441,3277,8382.69,2024-01-01 07:20:00,Berlin,POS,338,1,1
442,4436,4049.77,2024-01-01 07:21:00,Mumbai,Web,94,0,0
443,1562,7711.4,2024-01-01 07:22:00,Mumbai,Mobile,304,4,0
444,3485,4226.14,2024-01-01 07:23:00,New York,POS,138,1,0
445,2799,3545.18,2024-01-01 07:24:00,New York,ATM,338,3,0
446,4354,9586.69,2024-01-01 07:25:00,Mumbai,Web,38,2,1
447,3074,1851.87,2024-01-01 07:26:00,Mumbai,ATM,127,2,0
448,1225,912.47,2024-01-01 07:27:00,Berlin,ATM,275,1,0
449,4348,7712.15,2024-01-01 07:28:00,Paris,Mobile,164,2,0
450,1797,691.81,2024-01-01 07:29:00,New York,POS,319,2,0
451,4680,8372.42,2024-01-01 07:30:00,Paris,Mobile,77,0,0
452,3331,4377.56,2024-01-01 07:31:00,Berlin,Mobile,174,3,0
453,3926,9155.98,2024-01-01 07:32:00,Mumbai,Mobile,358,3,0
454,1959,7218.11,2024-01-01 07:33:00,Paris,ATM,321,0,0
455,2504,6107.94,2024-01-01 07:34:00,Mumbai,Mobile,91,0,0
456,1452,9493.57,2024-01-01 07:35:00,Mumbai,Mobile,238,2,0
457,4067,3972.53,2024-01-01 07:36:00,London,POS,264,4,0
458,4900,9541.33,2024-01-01 07:37:00,Paris,POS,179,2,0
459,1815,1358.66,2024-01-01 07:38:00,Paris,Mobile,209,0,0
460,1658,4842.71,2024-01-01 07:39:00,Mumbai,POS,73,3,0
461,4587,2706.41,2024-01-01 07:40:00,Berlin,POS,107,2,0
462,1546,5403.03,2024-01-01 07:41:00,London,Mobile,345,4,1
463,2215,1628.52,2024-01-01 07:42:00,Mumbai,ATM,295,2,0
464,4120,8416.88,2024-01-01 07:43:00,New York,Mobile,284,1,1
465,4583,8465.61,2024-01-01 07:44:00,New York,POS,353,2,0
466,1016,9552.81,2024-01-01 07:45:00,London,ATM,182,0,1
467,4243,1555.17,2024-01-01 07:46:00,Berlin,Web,37,3,0
468,2243,6237.09,2024-01-01 07:47:00,Mumbai,ATM,137,3,0
469,3205,4747.63,2024-01-01 07:48:00,Paris,POS,338,0,0
470,3524,3450.39,2024-01-01 07:49:00,London,ATM,56,1,0
471,2069,3521.89,2024-01-01 07:50:00,Berlin,Mobile,187,0,0
472,4444,4133.81,2024-01-01 07:51:00,Paris,Web,341,2,0
473,3565,7052.21,2024-01-01 07:52:00,New York,Web,258,0,1
474,3146,5986.88,2024-01-01 07:53:00,New York,Web,58,0,0
475,4963,4602.22,2024-01-01 07:54:00,Paris,POS,363,1,0
476,2768,768.57,2024-01-01 07:55:00,London,POS,123,2,0
477,2060,786.88,2024-01-01 07:56:00,New York,Web,188,4,0
478,3327,33.37,2024-01-01 07:57:00,Mumbai,ATM,230,4,0
479,4420,9677.32,2024-01-01 07:58:00,Paris,Web,168,3,0
480,3544,62.49,2024-01-01 07:59:00,Paris,ATM,114,0,0
481,1301,1039.91,2024-01-01 08:00:00,New York,ATM,252,3,0
482,1180,3152.82,2024-01-01 08:01:00,London,POS,107,1,0
483,1606,8076.23,2024-01-01 08:02:00,Mumbai,ATM,37,4,0
484,4170,9621.37,2024-01-01 08:03:00,London,Web,335,0,0
485,1699,7902.24,2024-01-01 08:04:00,Berlin,POS,92,1,1
486,1992,6908.7,2024-01-01 08:05:00,Berlin,Mobile,18,1,1
487,2139,5217.79,2024-01-01 08:06:00,New York,Mobile,354,0,0
488,1190,876.19,2024-01-01 08:07:00,New York,POS,63,1,0
489,3300,9582.13,2024-01-01 08:08:00,New York,Web,150,0,0
490,1980,7586.34,2024-01-01 08:09:00,Berlin,Mobile,139,0,0
491,3975,6393.1,2024-01-01 08:10:00,London,Mobile,186,2,0
492,3006,7592.77,2024-01-01 08:11:00,London,ATM,185,3,0
493,2184,7243.79,2024-01-01 08:12:00,New York,ATM,205,1,0
494,4327,6375.94,2024-01-01 08:13:00,Mumbai,Web,260,1,0
495,4394,9805.96,2024-01-01 08:14:00,London,POS,214,2,1
496,1127,9034.6,2024-01-01 08:15:00,Berlin,Web,256,2,1
497,3065,6470.18,2024-01-01 08:16:00,Paris,POS,135,2,0
498,2816,6934.82,2024-01-01 08:17:00,Paris,Mobile,61,4,0
499,2758,525.44,2024-01-01 08:18:00,Paris,ATM,363,4,0
500,3613,6702.48,2024-01-01 08:19:00,Mumbai,Web,310,4,0
501,1569,451.21,2024-01-01 08:20:00,New York,Web,88,0,0
502,2346,5886.75,2024-01-01 08:21:00,Berlin,POS,324,1,0
503,2895,9993.54,2024-01-01 08:22:00,Mumbai,POS,207,3,1
504,3733,5562.51,2024-01-01 08:23:00,Berlin,Web,129,0,0
505,4863,4737.37,2024-01-01 08:24:00,Berlin,POS,311,1,0
506,1625,3135.42,2024-01-01 08:25:00,New York,Web,3,1,0
507,4359,1214.02,2024-01-01 08:26:00,Paris,Web,242,2,0
508,3901,7312.93,2024-01-01 08:27:00,New York,Web,121,2,0
509,2686,1934.06,2024-01-01 08:28:00,Mumbai,Mobile,102,0,0
510,4009,1161.67,2024-01-01 08:29:00,Mumbai,POS,38,2,0
511,4710,4223.41,2024-01-01 08:30:00,Mumbai,ATM,341,1,0
512,1154,7955.46,2024-01-01 08:31:00,New York,ATM,133,2,1
513,3537,7453.19,2024-01-01 08:32:00,Berlin,POS,202,4,1
514,2409,558.28,2024-01-01 08:33:00,Berlin,Web,348,2,0
515,1784,4556.89,2024-01-01 08:34:00,London,ATM,21,1,0
516,4175,5229.12,2024-01-01 08:35:00,Mumbai,ATM,242,0,1
517,4464,6449.02,2024-01-01 08:36:00,Berlin,POS,109,3,0
518,4882,6505.17,2024-01-01 08:37:00,London,ATM,303,2,0
519,1245,3653.33,2024-01-01 08:38:00,Berlin,Web,84,1,0
520,4247,5611.17,2024-01-01 08:39:00,Mumbai,POS,83,3,0
521,4110,4815.81,2024-01-01 08:40:00,Paris,Web,291,3,0
522,2500,8851.13,2024-01-01 08:41:00,Mumbai,ATM,69,4,0
523,2705,5307.35,2024-01-01 08:42:00,New York,ATM,129,3,0
524,3806,4415.91,2024-01-01 08:43:00,Berlin,Web,196,1,0
525,1537,4050.81,2024-01-01 08:44:00,Berlin,Mobile,140,1,0
526,2890,5728.55,2024-01-01 08:45:00,New York,ATM,283,2,0
527,2841,8041.73,2024-01-01 08:46:00,New York,Mobile,312,2,0
528,1920,5388.63,2024-01-01 08:47:00,Paris,ATM,234,2,0
529,3455,6619.94,2024-01-01 08:48:00,Berlin,Mobile,23,3,0
530,1524,7381.18,2024-01-01 08:49:00,Berlin,Mobile,153,3,0
531,3875,5206.48,2024-01-01 08:50:00,Paris,Mobile,277,4,0
532,2529,4273.9,2024-01-01 08:51:00,London,Web,61,2,0
533,3950,8767.89,2024-01-01 08:52:00,Paris,Mobile,319,0,0
534,4896,4180.89,2024-01-01 08:53:00,Mumbai,Mobile,52,4,0
535,1035,4624.81,2024-01-01 08:54:00,Berlin,Mobile,344,0,0
536,1684,9903.51,2024-01-01 08:55:00,New York,ATM,153,3,0
537,1019,12.37,2024-01-01 08:56:00,Mumbai,Mobile,237,4,0
538,3368,1862.87,2024-01-01 08:57:00,Berlin,ATM,311,4,0
539,4847,3845.8,2024-01-01 08:58:00,Paris,Mobile,302,1,0
540,3559,9326.57,2024-01-01 08:59:00,Mumbai,Mobile,32,3,1
541,1399,709.6,2024-01-01 09:00:00,Berlin,Web,55,3,0
542,3701,104.76,2024-01-01 09:01:00,London,ATM,352,4,0
543,1971,536.31,2024-01-01 09:02:00,London,Mobile,36,3,0
544,2906,894.55,2024-01-01 09:03:00,New York,ATM,110,4,0
545,3518,385.59,2024-01-01 09:04:00,Berlin,ATM,177,1,0
546,2166,4803.02,2024-01-01 09:05:00,London,POS,362,4,0
547,2115,5811.76,2024-01-01 09:06:00,Paris,Web,314,3,0
548,4425,2724.15,2024-01-01 09:07:00,Berlin,Web,295,3,0
549,1833,3988.89,2024-01-01 09:08:00,Paris,Web,336,4,0
550,2823,926.08,2024-01-01 09:09:00,Paris,POS,97,4,0
551,3774,3370.34,2024-01-01 09:10:00,London,POS,213,4,0
552,2982,5229.97,2024-01-01 09:11:00,Berlin,Web,317,2,0
553,1853,7325.4,2024-01-01 09:12:00,Mumbai,POS,137,3,0
554,1050,43.43,2024-01-01 09:13:00,London,POS,6,3,0
555,4736,4678.43,2024-01-01 09:14:00,London,POS,109,2,0
556,4769,2977.06,2024-01-01 09:15:00,Berlin,Web,35,4,0
557,1574,8529.69,2024-01-01 09:16:00,Berlin,Web,39,1,0
558,4261,7158.38,2024-01-01 09:17:00,Paris,Web,150,4,0
559,2148,5895.19,2024-01-01 09:18:00,Berlin,POS,118,4,1
560,3197,2779.88,2024-01-01 09:19:00,Paris,Web,261,2,0
561,3361,9104.29,2024-01-01 09:20:00,London,POS,87,3,1
562,3617,460.56,2024-01-01 09:21:00,New York,Mobile,76,4,0
563,4413,1103.58,2024-01-01 09:22:00,Mumbai,POS,313,3,0
564,3352,3922.39,2024-01-01 09:23:00,London,ATM,214,0,0
565,2715,1253.13,2024-01-01 09:24:00,Berlin,Web,285,3,0
566,1681,9564.59,2024-01-01 09:25:00,Mumbai,Web,239,1,0
567,1837,7981.91,2024-01-01 09:26:00,New York,ATM,165,1,0
568,4854,2597.24,2024-01-01 09:27:00,New York,POS,87,4,0
569,2077,5889.66,2024-01-01 09:28:00,Paris,Mobile,141,3,0
570,4050,9823.48,2024-01-01 09:29:00,Mumbai,ATM,160,4,1
571,3491,8843.15,2024-01-01 09:30:00,Paris,ATM,46,2,0
572,3660,6011.98,2024-01-01 09:31:00,London,POS,112,1,0
573,4040,9038.2,2024-01-01 09:32:00,Mumbai,Web,45,4,1
574,3311,9891.96,2024-01-01 09:33:00,London,POS,247,2,0
575,4124,7436.09,2024-01-01 09:34:00,Paris,ATM,104,4,1
576,2595,659.21,2024-01-01 09:35:00,Mumbai,ATM,85,3,0
577,4051,4021.79,2024-01-01 09:36:00,Paris,Web,134,3,0
578,4691,8379.88,2024-01-01 09:37:00,Mumbai,Web,108,3,1
579,1004,2313.39,2024-01-01 09:38:00,Paris,Web,18,3,0
580,2126,8308.12,2024-01-01 09:39:00,New York,POS,94,0,0
581,2219,1212.18,2024-01-01 09:40:00,Paris,Web,150,2,0
582,1773,478.98,2024-01-01 09:41:00,New York,ATM,246,2,0
583,1876,3847.07,2024-01-01 09:42:00,Paris,ATM,289,3,0
584,1991,376.95,2024-01-01 09:43:00,Mumbai,Mobile,209,0,0
585,3931,9573.13,2024-01-01 09:44:00,Mumbai,POS,126,3,0
586,4421,8263.79,2024-01-01 09:45:00,Mumbai,Mobile,235,0,0
587,1046,8009.69,2024-01-01 09:46:00,Berlin,ATM,122,3,1
588,3914,6301.48,2024-01-01 09:47:00,London,Mobile,138,1,0
589,3870,2171.08,2024-01-01 09:48:00,Mumbai,ATM,115,1,0
590,3983,5187.42,2024-01-01 09:49:00,New York,Mobile,162,4,0
591,4891,5976.77,2024-01-01 09:50:00,Mumbai,Web,201,3,1
592,3703,5255.06,2024-01-01 09:51:00,Berlin,Mobile,234,2,0
593,1268,2609.73,2024-01-01 09:52:00,New York,Web,28,4,0
594,1369,5157.33,2024-01-01 09:53:00,Berlin,Web,11,1,1
595,1635,4916.95,2024-01-01 09:54:00,New York,POS,206,3,0
596,2129,9963.39,2024-01-01 09:55:00,Paris,Web,167,4,0
597,2693,8975.39,2024-01-01 09:56:00,London,Web,247,3,1
598,2682,4639.17,2024-01-01 09:57:00,London,Mobile,47,1,0
599,1656,6233.14,2024-01-01 09:58:00,Berlin,ATM,246,4,1
600,1119,7481.24,2024-01-01 09:59:00,London,POS,127,1,1
601,1830,358.3,2024-01-01 10:00:00,Berlin,Web,147,0,0
602,2810,8950.27,2024-01-01 10:01:00,Berlin,POS,118,1,1
603,4675,8602.67,2024-01-01 10:02:00,Berlin,Mobile,152,3,1
604,2081,4579.75,2024-01-01 10:03:00,London,Web,72,2,0
605,2974,3917.79,2024-01-01 10:04:00,Berlin,Mobile,363,1,0
606,2369,2736.86,2024-01-01 10:05:00,London,POS,137,2,0
607,1740,4772.0,2024-01-01 10:06:00,Berlin,Mobile,175,0,0
608,4545,453.32,2024-01-01 10:07:00,Mumbai,POS,289,4,0
609,1116,8523.41,2024-01-01 10:08:00,Berlin,Mobile,19,4,0
610,2853,363.87,2024-01-01 10:09:00,New York,POS,195,2,0
611,3838,3297.22,2024-01-01 10:10:00,Berlin,ATM,330,4,0
612,2150,9316.58,2024-01-01 10:11:00,Paris,Mobile,175,1,0
613,4464,7354.77,2024-01-01 10:12:00,Berlin,Mobile,354,2,0
614,2931,2821.1,2024-01-01 10:13:00,New York,ATM,141,3,0
615,2012,2533.96,2024-01-01 10:14:00,New York,ATM,246,1,0
616,2664,60.77,2024-01-01 10:15:00,London,Mobile,93,1,0
617,2081,6960.19,2024-01-01 10:16:00,Mumbai,ATM,239,1,0
618,1633,497.35,2024-01-01 10:17:00,Berlin,Web,205,3,0
619,1512,5330.7,2024-01-01 10:18:00,London,POS,48,0,0
620,4822,9621.6,2024-01-01 10:19:00,Mumbai,POS,245,4,0
621,3849,1103.59,2024-01-01 10:20:00,Berlin,POS,320,2,0
622,2119,8945.85,2024-01-01 10:21:00,Paris,Web,317,0,1
623,4709,9914.84,2024-01-01 10:22:00,Berlin,ATM,295,2,1
624,2141,624.56,2024-01-01 10:23:00,New York,ATM,128,4,0
625,1559,8830.23,2024-01-01 10:24:00,New York,Mobile,344,3,0
626,4672,5165.63,2024-01-01 10:25:00,Paris,ATM,282,1,1
627,1487,9066.07,2024-01-01 10:26:00,London,Mobile,17,1,0
628,4308,5717.48,2024-01-01 10:27:00,Mumbai,Web,71,3,1
629,4956,6624.5,2024-01-01 10:28:00,Berlin,POS,269,0,0
630,1896,5442.35,2024-01-01 10:29:00,New York,POS,325,0,0
631,4343,8646.28,2024-01-01 10:30:00,London,POS,282,2,0
632,2212,7341.76,2024-01-01 10:31:00,Paris,ATM,305,3,0
633,1703,5217.39,2024-01-01 10:32:00,New York,Mobile,7,0,0
634,2470,8682.93,2024-01-01 10:33:00,Paris,Mobile,314,3,0
635,1580,2460.4,2024-01-01 10:34:00,Berlin,Web,305,4,0
636,3837,1581.83,2024-01-01 10:35:00,Mumbai,ATM,103,1,0
637,3908,1612.4,2024-01-01 10:36:00,New York,Web,309,1,0
638,3294,3346.75,2024-01-01 10:37:00,New York,Mobile,193,1,0
639,4147,2394.51,2024-01-01 10:38:00,Berlin,Mobile,241,3,0
640,1153,9301.6,2024-01-01 10:39:00,London,POS,62,3,0
641,2679,1067.28,2024-01-01 10:40:00,Mumbai,ATM,17,2,0
642,4506,6992.92,2024-01-01 10:41:00,New York,Mobile,171,1,0
643,1996,1900.32,2024-01-01 10:42:00,Mumbai,POS,25,2,0
644,4157,8817.55,2024-01-01 10:43:00,New York,ATM,251,1,1
645,3744,9613.54,2024-01-01 10:44:00,Mumbai,Web,253,2,1
646,4356,4660.05,2024-01-01 10:45:00,Paris,ATM,207,2,0
647,2243,8791.92,2024-01-01 10:46:00,New York,ATM,29,4,0
648,2092,61.4,2024-01-01 10:47:00,Mumbai,Mobile,117,2,0
649,4118,8201.27,2024-01-01 10:48:00,London,Mobile,282,3,0
650,2008,2293.97,2024-01-01 10:49:00,Paris,ATM,144,2,0
651,3141,9087.93,2024-01-01 10:50:00,Paris,Mobile,25,1,0
652,2773,21.19,2024-01-01 10:51:00,London,Mobile,310,2,0
653,1957,5566.26,2024-01-01 10:52:00,Mumbai,Mobile,156,0,1
654,4059,7568.79,2024-01-01 10:53:00,Berlin,POS,73,1,0
655,1452,2594.3,2024-01-01 10:54:00,London,POS,120,0,0
656,2227,1939.4,2024-01-01 10:55:00,Mumbai,ATM,312,1,0
657,3959,850.14,2024-01-01 10:56:00,London,Mobile,321,3,0
658,3265,3271.07,2024-01-01 10:57:00,London,POS,93,3,0
659,3521,5602.84,2024-01-01 10:58:00,New York,ATM,86,3,1
660,3479,1167.28,2024-01-01 10:59:00,Mumbai,Mobile,336,0,0
661,3388,3773.19,2024-01-01 11:00:00,Berlin,Web,364,4,0
662,1550,100.63,2024-01-01 11:01:00,New York,Mobile,118,1,0
663,2635,8188.61,2024-01-01 11:02:00,London,Mobile,233,3,0
664,2312,1293.2,2024-01-01 11:03:00,London,POS,199,1,0
665,4325,2840.6,2024-01-01 11:04:00,London,ATM,206,0,0
666,2757,194.09,2024-01-01 11:05:00,Mumbai,ATM,339,4,0
667,1356,4328.09,2024-01-01 11:06:00,Mumbai,POS,147,0,0
668,3070,8402.81,2024-01-01 11:07:00,New York,Mobile,271,1,0
669,2785,3927.59,2024-01-01 11:08:00,Berlin,Web,139,4,0
670,3569,1803.18,2024-01-01 11:09:00,New York,Mobile,181,4,0
671,2781,7539.45,2024-01-01 11:10:00,Paris,Mobile,30,0,0
672,4908,7890.18,2024-01-01 11:11:00,London,Web,57,3,0
673,4171,1745.8,2024-01-01 11:12:00,London,POS,232,1,0
674,3849,7710.83,2024-01-01 11:13:00,London,ATM,146,2,1
675,4251,9473.51,2024-01-01 11:14:00,New York,POS,48,2,0
676,4294,1672.11,2024-01-01 11:15:00,New York,POS,194,0,0
677,4977,7712.13,2024-01-01 11:16:00,London,Mobile,224,1,1
678,3809,7088.63,2024-01-01 11:17:00,New York,ATM,136,1,1
679,4730,4741.0,2024-01-01 11:18:00,Mumbai,ATM,22,0,0
680,3489,588.63,2024-01-01 11:19:00,Mumbai,POS,6,1,0
681,2631,756.2,2024-01-01 11:20:00,New York,Web,204,3,0
682,3816,8525.62,2024-01-01 11:21:00,London,POS,239,0,0
683,2015,9901.58,2024-01-01 11:22:00,New York,Web,185,3,1
684,2348,6763.76,2024-01-01 11:23:00,New York,ATM,360,1,0
685,1515,4465.12,2024-01-01 11:24:00,New York,POS,292,0,0
686,4087,6479.26,2024-01-01 11:25:00,Paris,Mobile,335,1,0
687,3839,5948.01,2024-01-01 11:26:00,Mumbai,POS,220,0,0
688,1335,3842.29,2024-01-01 11:27:00,Berlin,ATM,116,1,0
689,2782,665.61,2024-01-01 11:28:00,Berlin,Mobile,313,3,0
690,3305,8216.91,2024-01-01 11:29:00,Paris,Mobile,49,3,0
691,1496,3724.62,2024-01-01 11:30:00,New York,Web,173,1,0
692,1895,8189.67,2024-01-01 11:31:00,Paris,Mobile,82,0,1
693,3207,2532.56,2024-01-01 11:32:00,Paris,Mobile,322,2,0
694,4546,20.28,2024-01-01 11:33:00,London,POS,333,3,0
695,1851,1597.79,2024-01-01 11:34:00,Mumbai,ATM,45,3,0
696,2687,4690.71,2024-01-01 11:35:00,Berlin,Web,335,2,0
697,2931,9443.59,2024-01-01 11:36:00,New York,POS,20,1,0
698,3737,1030.91,2024-01-01 11:37:00,Berlin,Mobile,221,0,0
699,4746,8543.56,2024-01-01 11:38:00,Berlin,Mobile,123,1,0
700,3427,5274.97,2024-01-01 11:39:00,Mumbai,Web,234,4,0
701,2568,8260.95,2024-01-01 11:40:00,Berlin,ATM,221,3,0
702,1956,2990.76,2024-01-01 11:41:00,Berlin,Web,323,4,0
703,3738,8401.07,2024-01-01 11:42:00,Paris,POS,339,3,0
704,4498,7730.5,2024-01-01 11:43:00,Mumbai,Web,3,3,0
705,2636,2308.24,2024-01-01 11:44:00,London,Mobile,182,4,0
706,2291,1322.04,2024-01-01 11:45:00,New York,POS,206,4,0
707,4906,8681.86,2024-01-01 11:46:00,Berlin,Mobile,320,1,0
708,4648,9632.73,2024-01-01 11:47:00,New York,ATM,40,4,0
709,2440,322.71,2024-01-01 11:48:00,London,Mobile,59,1,0
710,2191,7315.39,2024-01-01 11:49:00,New York,Mobile,62,1,0
711,4913,9096.15,2024-01-01 11:50:00,London,Web,132,1,0
712,2066,8575.03,2024-01-01 11:51:00,Paris,Mobile,60,3,0
713,4627,9645.56,2024-01-01 11:52:00,Berlin,POS,331,3,0
714,1284,7603.34,2024-01-01 11:53:00,London,POS,122,4,0
715,3444,4428.56,2024-01-01 11:54:00,New York,ATM,107,3,0
716,1011,3126.4,2024-01-01 11:55:00,Berlin,POS,96,4,0
717,2630,3214.22,2024-01-01 11:56:00,Paris,Web,347,3,0
718,4373,7246.98,2024-01-01 11:57:00,Berlin,ATM,235,0,0
719,4969,7460.91,2024-01-01 11:58:00,London,POS,62,0,1
720,4324,2011.59,2024-01-01 11:59:00,Paris,Web,256,4,0
721,3546,8682.55,2024-01-01 12:00:00,New York,POS,49,3,0
722,1753,7152.09,2024-01-01 12:01:00,Paris,POS,348,3,0
723,3082,5631.88,2024-01-01 12:02:00,Paris,Mobile,159,1,1
724,3774,4720.61,2024-01-01 12:03:00,Mumbai,POS,124,2,0
725,3896,5436.9,2024-01-01 12:04:00,Paris,POS,317,4,0
726,1089,1600.86,2024-01-01 12:05:00,Paris,Web,207,2,0
727,1775,2044.98,2024-01-01 12:06:00,Berlin,Web,48,2,0
728,3652,920.73,2024-01-01 12:07:00,New York,Mobile,136,4,0
729,4993,1545.04,2024-01-01 12:08:00,Berlin,POS,201,3,0
730,4017,4542.4,2024-01-01 12:09:00,Berlin,Mobile,250,4,0
731,2625,5308.24,2024-01-01 12:10:00,London,POS,314,2,0
732,4069,188.44,2024-01-01 12:11:00,Berlin,ATM,357,3,0
733,1417,7970.01,2024-01-01 12:12:00,Mumbai,ATM,318,0,0
734,1114,2948.74,2024-01-01 12:13:00,Mumbai,Mobile,295,4,0
735,1616,9119.24,2024-01-01 12:14:00,London,Mobile,314,4,0
736,4974,9675.44,2024-01-01 12:15:00,New York,Mobile,209,3,0
737,4267,1862.73,2024-01-01 12:16:00,New York,Web,355,0,0
738,1825,4626.35,2024-01-01 12:17:00,Berlin,Web,211,0,0
739,4572,22.31,2024-01-01 12:18:00,Berlin,Web,192,3,0
740,2649,5987.29,2024-01-01 12:19:00,Berlin,Mobile,44,1,0
741,2516,6076.99,2024-01-01 12:20:00,New York,POS,29,4,1
742,4146,2482.92,2024-01-01 12:21:00,Paris,ATM,59,4,0
743,1412,5588.54,2024-01-01 12:22:00,Mumbai,Mobile,71,2,0
744,4447,2263.15,2024-01-01 12:23:00,Paris,Web,92,3,0
745,4491,1616.65,2024-01-01 12:24:00,Paris,Web,265,2,0
746,1728,6518.68,2024-01-01 12:25:00,New York,Mobile,220,2,0
747,4348,3266.0,2024-01-01 12:26:00,Paris,Mobile,215,0,0
748,4068,5906.74,2024-01-01 12:27:00,London,Web,277,4,0
749,3808,4338.14,2024-01-01 12:28:00,Berlin,POS,64,2,0
750,1675,9843.67,2024-01-01 12:29:00,London,Web,346,0,0
751,4465,1504.31,2024-01-01 12:30:00,Mumbai,Web,292,3,0
752,2892,4651.34,2024-01-01 12:31:00,Berlin,Mobile,245,2,0
753,3504,6807.76,2024-01-01 12:32:00,Paris,POS,62,4,0
754,3967,3961.5,2024-01-01 12:33:00,Mumbai,Web,332,2,0
755,3239,9747.25,2024-01-01 12:34:00,Berlin,Web,170,3,0
756,3786,7221.66,2024-01-01 12:35:00,Paris,ATM,269,2,0
757,4760,6573.27,2024-01-01 12:36:00,London,Mobile,267,4,0
758,2122,7573.02,2024-01-01 12:37:00,Berlin,ATM,54,0,0
759,2571,9526.96,2024-01-01 12:38:00,Paris,ATM,16,4,0
760,1977,9079.11,2024-01-01 12:39:00,London,Web,8,0,0
761,2008,7245.61,2024-01-01 12:40:00,Mumbai,Mobile,104,1,0
762,3143,7494.12,2024-01-01 12:41:00,Mumbai,POS,59,4,0
763,2687,1467.76,2024-01-01 12:42:00,Mumbai,Web,313,4,0
764,3710,1036.9,2024-01-01 12:43:00,Mumbai,POS,40,3,0
765,4261,5713.34,2024-01-01 12:44:00,New York,POS,237,2,1
766,4807,193.49,2024-01-01 12:45:00,Berlin,Mobile,94,0,0
767,1036,4828.74,2024-01-01 12:46:00,Berlin,ATM,222,0,0
768,4851,2111.39,2024-01-01 12:47:00,New York,Mobile,204,3,0
769,4440,3466.71,2024-01-01 12:48:00,Paris,POS,138,3,0
770,4766,7760.29,2024-01-01 12:49:00,Paris,Web,300,2,0
771,2548,9412.96,2024-01-01 12:50:00,Mumbai,POS,207,2,0
772,3326,733.44,2024-01-01 12:51:00,London,Web,336,4,0
773,3264,5347.08,2024-01-01 12:52:00,Paris,Web,81,1,1
774,3914,8826.51,2024-01-01 12:53:00,London,Mobile,218,2,0
775,1872,834.26,2024-01-01 12:54:00,Berlin,POS,2,3,0
776,2821,8246.9,2024-01-01 12:55:00,London,ATM,178,2,1
777,2296,3584.44,2024-01-01 12:56:00,Berlin,POS,346,0,0
778,4952,3227.73,2024-01-01 12:57:00,New York,POS,279,1,0
779,3109,9774.89,2024-01-01 12:58:00,New York,ATM,146,4,1
780,1595,2016.58,2024-01-01 12:59:00,Mumbai,Mobile,318,0,0
781,2903,6935.01,2024-01-01 13:00:00,Paris,POS,224,0,0
782,1728,8216.19,2024-01-01 13:01:00,Mumbai,POS,62,1,0
783,2365,421.42,2024-01-01 13:02:00,Berlin,Web,294,4,0
784,1396,6707.15,2024-01-01 13:03:00,Mumbai,POS,239,3,1
785,1698,9515.98,2024-01-01 13:04:00,London,ATM,195,4,0
786,4090,1250.96,2024-01-01 13:05:00,Berlin,Web,166,2,0
787,3224,8963.25,2024-01-01 13:06:00,New York,Mobile,222,0,0
788,2635,5951.82,2024-01-01 13:07:00,Paris,Web,61,2,0
789,1395,6169.88,2024-01-01 13:08:00,Berlin,ATM,129,3,1
790,3492,6133.31,2024-01-01 13:09:00,Berlin,ATM,173,2,0
791,4304,2995.37,2024-01-01 13:10:00,London,Web,156,4,0
792,4986,9352.67,2024-01-01 13:11:00,Paris,Mobile,110,2,0
793,1075,9474.03,2024-01-01 13:12:00,New York,Web,269,3,0
794,1264,6256.79,2024-01-01 13:13:00,Berlin,Mobile,356,3,1
795,3502,7836.39,2024-01-01 13:14:00,Berlin,Web,278,3,0
796,2819,6126.46,2024-01-01 13:15:00,London,ATM,74,4,0
797,1717,4849.14,2024-01-01 13:16:00,Mumbai,POS,207,3,0
798,3782,6611.59,2024-01-01 13:17:00,New York,POS,279,0,1
799,4455,5534.48,2024-01-01 13:18:00,Paris,Mobile,326,3,0
800,4635,5978.78,2024-01-01 13:19:00,Berlin,Mobile,340,2,1
801,1850,7840.49,2024-01-01 13:20:00,Berlin,Mobile,357,2,0
802,4577,4814.23,2024-01-01 13:21:00,New York,ATM,340,2,0
803,2390,417.13,2024-01-01 13:22:00,Mumbai,Web,204,4,0
804,1143,1648.35,2024-01-01 13:23:00,Berlin,ATM,161,2,0
805,1884,4391.69,2024-01-01 13:24:00,New York,POS,28,4,0
806,4140,7251.02,2024-01-01 13:25:00,London,Mobile,257,4,0
807,4170,5936.85,2024-01-01 13:26:00,Mumbai,Web,165,3,1
808,1395,6506.44,2024-01-01 13:27:00,Paris,POS,63,0,1
809,4096,4798.0,2024-01-01 13:28:00,Berlin,POS,22,3,0
810,3995,6161.26,2024-01-01 13:29:00,New York,POS,70,3,0
811,3938,3296.88,2024-01-01 13:30:00,London,ATM,96,4,0
812,2492,4707.12,2024-01-01 13:31:00,Paris,Mobile,163,4,0
813,4555,7445.35,2024-01-01 13:32:00,New York,POS,79,2,0
814,4636,8719.61,2024-01-01 13:33:00,New York,Mobile,5,2,0
815,4222,4342.22,2024-01-01 13:34:00,Paris,ATM,316,3,0
816,2167,446.18,2024-01-01 13:35:00,London,POS,120,1,0
817,3616,1625.11,2024-01-01 13:36:00,London,ATM,302,1,0
818,2062,218.4,2024-01-01 13:37:00,Mumbai,ATM,178,2,0
819,3156,6536.1,2024-01-01 13:38:00,Berlin,Mobile,176,1,0
820,4764,3329.82,2024-01-01 13:39:00,Paris,POS,217,2,0
821,2065,5429.36,2024-01-01 13:40:00,Paris,ATM,56,4,0
822,2209,4937.84,2024-01-01 13:41:00,Paris,POS,187,3,0
823,3982,824.45,2024-01-01 13:42:00,London,Mobile,232,0,0
824,3445,4038.58,2024-01-01 13:43:00,Berlin,ATM,255,3,0
825,4294,2213.41,2024-01-01 13:44:00,Mumbai,Mobile,104,2,0
826,1633,4189.81,2024-01-01 13:45:00,New York,POS,77,2,0
827,2156,2043.75,2024-01-01 13:46:00,New York,POS,230,3,0
828,4234,8406.12,2024-01-01 13:47:00,Paris,Mobile,258,2,0
829,2238,1750.19,2024-01-01 13:48:00,Berlin,Web,264,1,0
830,1732,9608.2,2024-01-01 13:49:00,London,ATM,331,1,1
831,1234,4164.91,2024-01-01 13:50:00,Berlin,POS,182,2,0
832,4914,8463.99,2024-01-01 13:51:00,Berlin,POS,256,2,0
833,3705,6291.36,2024-01-01 13:52:00,London,ATM,38,1,0
834,1750,7356.15,2024-01-01 13:53:00,Paris,Mobile,176,2,1
835,3635,7679.56,2024-01-01 13:54:00,Berlin,Mobile,27,2,0
836,4080,5053.4,2024-01-01 13:55:00,New York,Mobile,276,3,1
837,4145,5437.57,2024-01-01 13:56:00,London,Web,140,0,0
838,1953,5144.82,2024-01-01 13:57:00,Mumbai,Web,299,1,1
839,3539,5884.7,2024-01-01 13:58:00,Paris,POS,287,3,1
840,3960,303.65,2024-01-01 13:59:00,London,Mobile,91,0,0
841,4324,3961.2,2024-01-01 14:00:00,Mumbai,ATM,61,2,0
842,4301,6065.83,2024-01-01 14:01:00,Mumbai,POS,347,2,0
843,2542,5981.26,2024-01-01 14:02:00,Berlin,ATM,163,3,1
844,2197,7931.63,2024-01-01 14:03:00,Berlin,POS,351,2,0
845,2676,6553.54,2024-01-01 14:04:00,Berlin,Web,143,4,0
846,2191,9921.41,2024-01-01 14:05:00,London,POS,253,3,1
847,3217,2845.71,2024-01-01 14:06:00,London,Web,269,0,0
848,2416,3597.92,2024-01-01 14:07:00,Paris,POS,291,3,0
849,3993,3844.63,2024-01-01 14:08:00,Berlin,Mobile,187,1,0
850,3842,4663.47,2024-01-01 14:09:00,Mumbai,ATM,304,3,0
851,3681,8361.62,2024-01-01 14:10:00,New York,Mobile,291,2,1
852,2217,2365.56,2024-01-01 14:11:00,Paris,POS,86,2,0
853,2540,7762.24,2024-01-01 14:12:00,London,POS,166,4,0
854,3076,4059.05,2024-01-01 14:13:00,Paris,POS,114,4,0
855,4236,6022.54,2024-01-01 14:14:00,Paris,Web,356,4,0
856,2445,6329.08,2024-01-01 14:15:00,Paris,ATM,183,0,1
857,3386,3734.76,2024-01-01 14:16:00,Paris,ATM,207,4,0
858,4719,5131.03,2024-01-01 14:17:00,New York,POS,256,0,1
859,2519,4136.18,2024-01-01 14:18:00,Berlin,POS,235,4,0
860,2388,700.64,2024-01-01 14:19:00,Mumbai,Web,355,0,0
861,2856,4377.28,2024-01-01 14:20:00,Paris,Mobile,3,3,0
862,2365,982.96,2024-01-01 14:21:00,Paris,Mobile,208,3,0
863,1499,4056.16,2024-01-01 14:22:00,Paris,ATM,197,2,0
864,2680,5933.25,2024-01-01 14:23:00,Berlin,Web,341,0,0
865,1510,5798.35,2024-01-01 14:24:00,London,POS,125,1,1
866,4398,6629.59,2024-01-01 14:25:00,London,ATM,138,2,0
867,1216,961.66,2024-01-01 14:26:00,New York,Web,339,3,0
868,2324,6524.71,2024-01-01 14:27:00,London,Mobile,25,0,1
869,2155,3128.36,2024-01-01 14:28:00,Paris,Web,68,4,0
870,2827,3996.47,2024-01-01 14:29:00,Paris,Mobile,61,1,0
871,4141,8581.28,2024-01-01 14:30:00,Paris,Web,29,3,0
872,4323,100.21,2024-01-01 14:31:00,New York,ATM,19,2,0
873,4486,5888.24,2024-01-01 14:32:00,Paris,Mobile,171,0,0
874,2810,5991.15,2024-01-01 14:33:00,London,ATM,74,1,0
875,3492,3972.63,2024-01-01 14:34:00,Berlin,ATM,61,0,0
876,3923,2377.91,2024-01-01 14:35:00,Berlin,Mobile,153,4,0
877,2205,2354.39,2024-01-01 14:36:00,Mumbai,Mobile,276,2,0
878,3214,8838.26,2024-01-01 14:37:00,London,POS,48,0,0
879,1090,4425.82,2024-01-01 14:38:00,Paris,POS,211,3,0
880,1713,3315.58,2024-01-01 14:39:00,Berlin,POS,343,2,0
881,2881,4493.29,2024-01-01 14:40:00,London,ATM,139,3,0
882,4602,6697.21,2024-01-01 14:41:00,Berlin,ATM,110,0,1
883,1038,1466.11,2024-01-01 14:42:00,Paris,POS,183,2,0
884,4197,4499.84,2024-01-01 14:43:00,Berlin,ATM,28,3,0
885,4522,5882.96,2024-01-01 14:44:00,Mumbai,ATM,197,4,0
886,1172,9486.35,2024-01-01 14:45:00,Mumbai,Mobile,191,4,0
887,1652,2532.75,2024-01-01 14:46:00,Berlin,Mobile,315,0,0
888,1753,3598.91,2024-01-01 14:47:00,London,ATM,51,2,0
889,2243,3799.79,2024-01-01 14:48:00,London,POS,149,1,0
890,4709,6059.33,2024-01-01 14:49:00,London,Web,268,2,0
891,2081,3573.75,2024-01-01 14:50:00,Berlin,POS,50,4,0
892,2683,5339.78,2024-01-01 14:51:00,London,Web,246,3,0
893,3523,7820.09,2024-01-01 14:52:00,Paris,POS,113,1,0
894,1455,7056.8,2024-01-01 14:53:00,Mumbai,Mobile,170,0,0
895,1828,4469.22,2024-01-01 14:54:00,Paris,ATM,166,1,0
896,1894,8643.52,2024-01-01 14:55:00,London,ATM,14,0,0
897,2384,5585.82,2024-01-01 14:56:00,Paris,Mobile,203,1,0
898,2958,5403.66,2024-01-01 14:57:00,London,Web,288,0,1
899,4072,351.54,2024-01-01 14:58:00,Berlin,Web,189,0,0
900,3434,9867.06,2024-01-01 14:59:00,Paris,Web,155,1,0
901,2996,1238.48,2024-01-01 15:00:00,Berlin,Mobile,55,1,0
902,3395,2319.0,2024-01-01 15:01:00,Berlin,Web,182,0,0
903,1189,526.45,2024-01-01 15:02:00,New York,Mobile,210,4,0
904,1504,6403.63,2024-01-01 15:03:00,London,POS,75,1,0
905,2214,2254.76,2024-01-01 15:04:00,Mumbai,POS,277,2,0
906,2531,1808.3,2024-01-01 15:05:00,London,Mobile,133,3,0
907,4440,894.67,2024-01-01 15:06:00,Mumbai,ATM,343,0,0
908,4480,1042.06,2024-01-01 15:07:00,London,POS,59,0,0
909,1823,5850.86,2024-01-01 15:08:00,Berlin,Web,345,3,1
910,1928,6885.2,2024-01-01 15:09:00,Paris,Mobile,182,4,0
911,1933,3979.82,2024-01-01 15:10:00,Paris,Web,339,3,0
912,2140,4804.17,2024-01-01 15:11:00,New York,Web,321,1,0
913,1133,6862.82,2024-01-01 15:12:00,Mumbai,ATM,64,3,0
914,3105,183.62,2024-01-01 15:13:00,Mumbai,Web,327,0,0
915,4627,3238.08,2024-01-01 15:14:00,Mumbai,ATM,260,3,0
916,1684,9731.25,2024-01-01 15:15:00,Berlin,POS,193,2,1
917,3719,5805.32,2024-01-01 15:16:00,Mumbai,Mobile,143,1,0
918,3220,2549.7,2024-01-01 15:17:00,Paris,Web,104,3,0
919,2852,5222.08,2024-01-01 15:18:00,Berlin,Mobile,214,0,1
920,1814,3433.11,2024-01-01 15:19:00,London,Web,242,1,0
921,2172,5327.13,2024-01-01 15:20:00,Mumbai,Mobile,209,0,0
922,1079,1266.16,2024-01-01 15:21:00,Mumbai,Web,93,4,0
923,3933,1335.82,2024-01-01 15:22:00,London,Web,142,2,0
924,4284,1443.99,2024-01-01 15:23:00,Mumbai,Web,112,4,0
925,1202,9398.8,2024-01-01 15:24:00,London,Web,59,2,0
926,3811,7331.66,2024-01-01 15:25:00,Berlin,Web,43,3,0
927,2252,1632.2,2024-01-01 15:26:00,Paris,Web,207,1,0
928,2699,1891.61,2024-01-01 15:27:00,London,Web,268,3,0
929,2250,7310.99,2024-01-01 15:28:00,New York,Web,296,2,0
930,2682,1570.08,2024-01-01 15:29:00,London,Web,118,2,0
931,2555,2353.27,2024-01-01 15:30:00,Mumbai,Mobile,20,2,0
932,4512,9633.83,2024-01-01 15:31:00,Berlin,ATM,222,0,0
933,4473,2560.51,2024-01-01 15:32:00,Berlin,Web,166,1,0
934,3094,6619.71,2024-01-01 15:33:00,London,ATM,131,3,0
935,2256,9786.53,2024-01-01 15:34:00,Paris,Web,156,3,1
936,4376,3749.22,2024-01-01 15:35:00,New York,Web,184,4,0
937,2549,184.98,2024-01-01 15:36:00,Berlin,Mobile,90,2,0
938,2166,2449.03,2024-01-01 15:37:00,Mumbai,POS,94,2,0
939,4486,8310.46,2024-01-01 15:38:00,Mumbai,POS,13,2,0
940,4584,8647.44,2024-01-01 15:39:00,Paris,Mobile,322,3,1
941,2396,7687.51,2024-01-01 15:40:00,Berlin,ATM,293,4,1
942,4637,1139.97,2024-01-01 15:41:00,London,POS,230,0,0
943,4957,7957.15,2024-01-01 15:42:00,Mumbai,Mobile,322,1,0
944,4330,9187.59,2024-01-01 15:43:00,Paris,Mobile,292,0,1
945,3703,6010.09,2024-01-01 15:44:00,Berlin,POS,26,3,0
946,1470,9409.34,2024-01-01 15:45:00,Berlin,ATM,75,2,0
947,4018,8270.12,2024-01-01 15:46:00,Berlin,Mobile,364,1,0
948,2035,6673.05,2024-01-01 15:47:00,Berlin,Web,299,3,0
949,2353,5776.08,2024-01-01 15:48:00,Berlin,ATM,150,3,1
950,3783,3492.25,2024-01-01 15:49:00,Mumbai,ATM,148,3,0
951,3831,1601.28,2024-01-01 15:50:00,Paris,POS,8,1,0
952,1967,6053.49,2024-01-01 15:51:00,Berlin,POS,29,1,0
953,1357,3187.93,2024-01-01 15:52:00,New York,Web,296,4,0
954,4019,8665.72,2024-01-01 15:53:00,New York,Mobile,209,4,0
955,4479,9933.44,2024-01-01 15:54:00,Paris,POS,128,0,1
956,1667,7526.75,2024-01-01 15:55:00,London,POS,340,1,0
957,1372,913.91,2024-01-01 15:56:00,London,ATM,116,1,0
958,2031,2893.97,2024-01-01 15:57:00,London,POS,144,1,0
959,2145,1100.01,2024-01-01 15:58:00,New York,POS,318,4,0
960,2371,6508.61,2024-01-01 15:59:00,London,POS,235,3,0
961,3723,7654.26,2024-01-01 16:00:00,Mumbai,POS,7,2,0
962,1089,9257.49,2024-01-01 16:01:00,Berlin,ATM,45,4,0
963,4719,4387.34,2024-01-01 16:02:00,New York,Web,239,1,0
964,3745,9014.74,2024-01-01 16:03:00,Paris,Web,155,4,1
965,4387,8780.13,2024-01-01 16:04:00,Paris,Mobile,181,0,0
966,4249,3178.79,2024-01-01 16:05:00,Berlin,POS,215,1,0
967,1539,8690.32,2024-01-01 16:06:00,New York,ATM,88,0,1
968,3779,3762.97,2024-01-01 16:07:00,London,Mobile,256,1,0
969,1868,2975.72,2024-01-01 16:08:00,London,Mobile,73,4,0
970,1040,6494.26,2024-01-01 16:09:00,Mumbai,Web,179,3,0
971,1739,3290.53,2024-01-01 16:10:00,Mumbai,ATM,212,2,0
972,4775,6305.79,2024-01-01 16:11:00,London,ATM,293,0,1
973,2946,6102.22,2024-01-01 16:12:00,Paris,ATM,234,4,0
974,3549,5638.75,2024-01-01 16:13:00,Paris,Web,239,3,0
975,4006,3810.39,2024-01-01 16:14:00,Mumbai,Web,223,4,0
976,4216,5489.51,2024-01-01 16:15:00,Berlin,Web,119,0,0
977,2224,5968.89,2024-01-01 16:16:00,London,Web,313,2,0
978,1928,5461.41,2024-01-01 16:17:00,Mumbai,Web,264,4,1
979,3036,4449.75,2024-01-01 16:18:00,Mumbai,POS,207,1,0
980,4795,156.52,2024-01-01 16:19:00,London,POS,95,3,0
981,3508,5874.75,2024-01-01 16:20:00,London,ATM,222,4,0
982,3779,1692.76,2024-01-01 16:21:00,Paris,Mobile,276,3,0
983,3799,6429.33,2024-01-01 16:22:00,Berlin,ATM,231,1,0
984,1924,7595.85,2024-01-01 16:23:00,Berlin,Mobile,309,2,0
985,3956,5009.45,2024-01-01 16:24:00,London,Web,119,2,0
986,2581,5428.21,2024-01-01 16:25:00,New York,Mobile,268,1,0
987,4618,9515.27,2024-01-01 16:26:00,Mumbai,ATM,273,3,0
988,4324,8473.2,2024-01-01 16:27:00,Mumbai,ATM,64,4,0
989,1389,9143.22,2024-01-01 16:28:00,London,Mobile,298,1,1
990,2617,8139.53,2024-01-01 16:29:00,New York,POS,350,0,1
991,3930,1098.09,2024-01-01 16:30:00,Paris,Web,11,3,0
992,1255,1498.43,2024-01-01 16:31:00,London,Web,98,2,0
993,1708,5270.97,2024-01-01 16:32:00,London,ATM,71,1,1
994,2838,2468.24,2024-01-01 16:33:00,Mumbai,POS,364,2,0
995,2944,4772.19,2024-01-01 16:34:00,London,Mobile,58,3,0
996,3497,3949.71,2024-01-01 16:35:00,London,Web,290,2,0
997,1009,5498.65,2024-01-01 16:36:00,London,POS,251,1,0
998,3871,7471.29,2024-01-01 16:37:00,Mumbai,Web,276,3,0
999,1797,7157.75,2024-01-01 16:38:00,Paris,POS,50,0,1
1000,4313,5217.13,2024-01-01 16:39:00,Paris,POS,358,1,0
